id,name,age,city,country
1,Thomas,67,Toronto,Canada
2,Olivia,54,Rome,Italy
3,Anthony,61,Mexico City,Mexico
4,James,32,Paris,France
5,William,24,São Paulo,Brazil
6,Liam,25,Mexico City,Mexico
7,James,66,New York,USA
8,James,36,Moscow,Russia
9,Ava,36,Dubai,UAE
10,Daniel,66,London,UK
11,Emily,52,Rome,Italy
12,Charlotte,54,Paris,France
13,Michael,57,Sydney,Australia
14,Thomas,62,Berlin,Germany
15,Alice,27,Sydney,Australia
16,David,46,Berlin,Germany
17,William,39,Moscow,Russia
18,Robert,49,Berlin,Germany
19,Anthony,52,Rome,Italy
20,James,38,Mexico City,Mexico
21,Liam,19,Rome,Italy
22,Charlotte,20,Mumbai,India
23,James,38,São Paulo,Brazil
24,Sophia,70,New York,USA
25,Amelia,54,London,UK
26,David,52,Moscow,Russia
27,Charlotte,36,London,UK
28,Olivia,34,Mexico City,Mexico
29,Robert,49,Sydney,Australia
30,Mia,46,New York,USA
31,Amelia,60,Berlin,Germany
32,Robert,30,Sydney,Australia
33,Robert,24,Mumbai,India
34,Daniel,18,New York,USA
35,Charlotte,60,Beijing,China
36,Robert,40,Rome,Italy
37,Liam,66,Paris,France
38,Anthony,32,Tokyo,Japan
39,Liam,51,Tokyo,Japan
40,Amelia,60,New York,USA
41,John,48,Beijing,China
42,Ava,40,Berlin,Germany
43,Alice,34,London,UK
44,Olivia,62,Dubai,UAE
45,Matthew,41,Istanbul,Turkey
46,Charlotte,36,Istanbul,Turkey
47,Matthew,61,São Paulo,Brazil
48,Alice,69,Moscow,Russia
49,Liam,23,São Paulo,Brazil
50,Liam,39,São Paulo,Brazil
51,Mia,53,Paris,France
52,James,62,Sydney,Australia
53,Robert,43,Rome,Italy
54,Alice,36,Mexico City,Mexico
55,Mia,52,Toronto,Canada
56,Daniel,27,Tokyo,Japan
57,Mia,54,New York,USA
58,Olivia,42,Beijing,China
59,David,36,Moscow,Russia
60,Matthew,37,Dubai,UAE
61,William,44,Mumbai,India
62,Emily,57,Dubai,UAE
63,Emily,39,London,UK
64,David,29,Paris,France
65,William,39,Tokyo,Japan
66,Daniel,18,Rome,Italy
67,David,67,Toronto,Canada
68,Matthew,67,São Paulo,Brazil
69,Charlotte,47,Beijing,China
70,William,28,Toronto,Canada
71,Olivia,30,Paris,France
72,Thomas,31,Moscow,Russia
73,Sophia,53,Tokyo,Japan
74,James,33,Istanbul,Turkey
75,Sophia,44,New York,USA
76,William,33,Berlin,Germany
77,Mia,49,Mumbai,India
78,Thomas,52,New York,USA
79,Emma,44,Istanbul,Turkey
80,Michael,51,Beijing,China
81,Olivia,46,Moscow,Russia
82,Ava,60,Dubai,UAE
83,Robert,70,Berlin,Germany
84,David,36,Dubai,UAE
85,Liam,28,Paris,France
86,Liam,55,Moscow,Russia
87,Charlotte,44,Istanbul,Turkey
88,Olivia,32,São Paulo,Brazil
89,Olivia,62,Toronto,Canada
90,David,44,Rome,Italy
91,Amelia,47,London,UK
92,William,66,Mumbai,India
93,Anthony,19,Mumbai,India
94,Charlotte,41,Sydney,Australia
95,Daniel,61,New York,USA
96,David,44,Beijing,China
97,Ava,39,Berlin,Germany
98,Daniel,38,Tokyo,Japan
99,John,27,Beijing,China
100,Ava,48,Moscow,Russia